<modification>
	<name>Bugs fix 3.0.x</name>
	<version>1.0</version>
	<author>peku</author>
	<code>up2302</code>
<file path="catalog/controller/startup/startup.php">
    <operation> 
        <search><![CDATA[new Encryption($this->config->get('config_encryption')));]]></search>
        <add position="replace"><![CDATA[new Encryption());]]></add>
    </operation>
</file>
<file path="catalog/controller/event/debug.php">
    <operation> 
        <search><![CDATA[public function before($route, &$args) {]]></search>
        <add position="replace" offset="4"><![CDATA[public function before(&$route, &$args) {
		if ($route == 'common/footer') { // add the route you want to test
			//$this->session->data['debug'][$route] = microtime();		
		}
	}]]></add>
    </operation>
</file>
</modification>